Carbon,WIPv8,Precip,TWI,DTW,slope,MHCLASS,StudyArea,HGM
280.6,0.925,3233,2.92869,54.1556015,0.106934,WET,HOH,DEP
430,0.225,3197,1.43629,136.4400024,0.237809,UPL,HOH,DEP
471.6,0.905,3233,9.3056498,85.7089996,0.001,WET,HOH,DEP
518.6,0.43,3158,4.8776898,87.2947998,0.251282,WET,HOH,DEP
597.4,0.485,3234,7.0679798,122.3539963,0.0724163,WET,HOH,DEP
604.4,0.495,3197,11.8129997,96.2640991,0.001,WET,HOH,DEP
628.8,0.335,3162,2.5237,93.5673981,0.0801626,WET,HOH,DEP
680.7,0.4,3256,3.9823,75.3235016,0.242356,WET,HOH,DEP
696.4869591,0.87,3255,11.9164,60.4962006,0.0386017,WET,HOH,DEP
780.383736,0.89,3255,2.0576701,64.4094009,0.255501,WET,HOH,DEP
69.56091883,0.155,3199,6.1110601,217.3659973,0.58117,UPL,HOH,RIV
84.8,0.64,2987,2.4461,29.2754993,0.259893,RIV,HOH,RIV
92.3,0.785,3177,1.29313,2.6401701,0.274411,RIV,HOH,RIV
113.7490586,0.44,3242,1.6648999,14.698,0.18921,RIV,HOH,RIV
620.8,0.605,3256,16.0900002,81.1007004,0.001,WET,HOH,DEP
74.1,0.15,3255,0.94842,112.8130035,0.387353,UPL,HOH,UPL
91.8,0.05,3097,0.361037,160.4839935,0.696953,UPL,HOH,UPL
115.0708861,0.2,3246,3.82987,49.1867981,0.0434247,UPL,HOH,UPL
120.7235253,0.07,3166,3.74999,86.7841034,0.258698,UPL,HOH,UPL
151.4,0.39,3234,3.6264801,4.1051402,0.106438,RIV,HOH,UPL
172,0.34,3265,5.90485,4.3382401,0.0436189,RIV,HOH,UPL
185.2,0.56,3015,2.1314001,9.2258196,0.118671,RIV,HOH,UPL
246.1,0.27,3255,9.5826597,34.5237007,0.0086141,WET,HOH,UPL
250,0.085,3162,-0.261157,31.9237003,1.29843,UPL,HOH,UPL
294.9642077,0.265,3233,1.85532,30.0018997,0.156403,WET,HOH,UPL
320.7,0.205,3191,1.03993,14.9380999,0.353478,RIV,HOH,UPL
380.8,0.1,3158,6.1603498,90.6886978,0.107688,UPL,HOH,UPL
387,0.315,3255,5.2702198,150.9689941,0.298264,WET,HOH,UPL
414.1,0.055,3242,0.206238,108.5859985,0.81364,UPL,HOH,UPL
474.3,0.275,3049,3.3663399,207.7640076,0.0690313,WET,HOH,UPL
492.3,0.26,3246,1.17867,138.9900055,0.307686,WET,HOH,UPL
560.8,0.185,2987,7.6009002,88.9101028,0.001,UPL,HOH,UPL
562.7,0.105,3234,0.181457,216.8760071,0.834054,UPL,HOH,UPL
590.4,0.225,3049,1.43313,100.4629974,0.23856,UPL,HOH,UPL
64.57425598,0.06,1535,6.7416601,156.1239929,13.0974998,UPL,MASH,UPL
125.2112762,0.845,1981,5.9475698,0,3.4005301,RIV,MASH,DEP
127.9967713,0.695,2411,5.7108102,0,8.0599298,RIV,MASH,RIV
163.2836025,0.2,1823,4.4485302,1.24178,7.6216202,RIV,MASH,UPL
190.5026618,0.785,1954,7.74336,0.494033,4.21316,RIV,MASH,DEP
193.8028915,0.43,1535,12.0902004,74.9746017,1.19166,WET,MASH,UPL
223.0506979,0.87,2056,10.0802002,0.93928,4.5623899,RIV,MASH,UPL
230.2603972,0.83,1754,10.9622002,0.712218,2.3086901,RIV,MASH,UPL
235.0379739,0.38,2110,5.0777998,0,30.6898003,RIV,MASH,UPL
244.3079786,0.045,1638,6.64255,47.8381004,2.3821001,UPL,MASH,DEP
247.5217671,0.16,2275,3.8145499,1.25253,11.5031004,RIV,MASH,UPL
258.2761314,0.72,2049,5.2868099,0,5.6145201,RIV,MASH,RIV
270.867218,0.03,1981,5.4655399,42.1767998,2.1005299,UPL,MASH,UPL
285.3866671,0.76,1954,4.2805901,1.09319,7.2246099,RIV,MASH,UPL
382.1064846,0.105,1754,7.28723,13.5193005,3.9258001,UPL,MASH,UPL
385.2439908,0.7,1754,11.9975004,13.7543001,0.760835,WET,MASH,DEP
401.6584544,0.305,2275,6.3687801,115.0530014,5.60006,WET,MASH,DEP
436.579292,0.485,2056,6.7764001,129.1419983,3.7084601,WET,MASH,DEP
443.6134156,0.76,1954,10.0684996,6.7372298,1.87437,WET,MASH,DEP
445.5579628,0.34,1935,5.5637698,37.3986015,4.2339401,WET,MASH,UPL
455.5319291,0,2463,4.1403599,100.5250015,28.2966995,UPL,MASH,UPL
475.6515358,0.16,2056,7.3583102,29.2014999,21.4274998,UPL,MASH,UPL
510.9149723,0.47,2056,5.7227602,166.7960052,1.6471601,WET,MASH,UPL
511.5423124,0.02,2275,5.36835,51.5821991,14.3905001,UPL,MASH,UPL
563.9322941,0.82,1981,4.6579599,11.8600998,2.34729,WET,MASH,DEP
632.3561744,0.395,2049,11.4509001,3.3743899,6.9818501,WET,MASH,UPL
1126.723423,0.825,2049,13.0815001,1.98959,1.69521,WET,MASH,DEP
1174.460958,0.87,1981,14.0623999,25.3201008,0.895225,WET,MASH,DEP
1219.763427,0.945,2049,8.1835203,0.827379,1.95008,WET,MASH,DEP
